<?xml version="1.0" encoding="UTF-8"?>
<suite name="Simple Reporter Suite">

  <parameter name="pdfngreport-properties" value="pdfngreport.properties" />
  
  <listeners>
    <listener class-name="com.uttesh.pdfngreport.PDFReportListener" />
  </listeners>

  <test name="Simple Reporter test">
    <classes>
      <class name="com.uttesh.pdfngreport.AmazonTests" />
      <class name="com.uttesh.pdfngreport.GoogleTest" />
	  <class name="com.uttesh.pdfngreport.SunalpsTest" />
    </classes>
  </test>
</suite>

